;Sample No.;Order;K;TSum;KM;TM;LM;MS Real;MS Ideal;Tr_RSW;Mp_RSW;Ts_RSW;Ys_RSW;Tr_R;Mp_R;Ts_R;Ys_R;Tr_ISW;Mp_ISW;Ts_ISW;Ys_ISW;Tr_I;Mp_I;Ts_I;Ys_I
0;1.0;1.0;9.332817570510166;7.95699411007043;9.324282080864826;1.5428929802831235;0.029536278049471454;1.0132727553485694;1.0872129125743257;0.2728610622354226;1.1074197654226126e-05;2.4557495601188037;1.0010445432011355;0.07796030349653219;0.07442564571316512;0.7016427314687896;1.0008346813953797;0.28914861239557504;;2.457763205362388;0.9999162313641418;0.07228715309890558;0.07788350222132778;0.6867279544396031;1.0015760951959138
1;2.0;1.0;7.5161633389137315;8.48987565248131;7.509306485688708;16.29921223524266;0.20368900138911883;1.011523905765743;1.384600331733618;0.7406452741352526;;7.1948398058853105;0.9974970126480526;0.1058064677538986;0.11178246408159342;1.2696776130467833;1.0014365610692726;0.8470942741978248;;7.5028350000378765;0.9985169267532805;0.36304040322961384;0.15539599161169826;0.968107741945637;1.0005721585965408
2;3.0;1.0;1.16650685178566;4.002495606570727;1.1654430323363278;17.632901266078857;0.20451695836704786;1.0027995097784876;1.3851161039553672;0.7530182497168811;;7.315034425821131;0.997543114468512;0.10757403054594947;0.11183691427370501;1.2908883665513935;1.0013998570877265;0.859988869883072;;7.61704427610721;0.9985290100816673;0.368566658518811;0.15621226510255837;0.9828444227168294;1.0005638415794231
3;4.0;1.0;3.2878152393003077;12.78217818481887;3.28481454501275;3.625714256652172;0.049409021595534064;1.0099734139356147;1.1647301118933104;0.32146959017223453;;3.0137774078646986;0.9955254067593349;0.040183698772053786;0.09731072710930921;0.6429391803528606;1.0036143936384057;0.3650076254360627;;3.1025648162065327;0.9974816902558994;0.09125190635915112;0.1126034226224506;0.5931373913344823;1.0013967496727332
4;5.0;1.0;7.520367106094863;5.504499767277893;7.513507037071182;19.01183080588231;0.23305369734664794;1.0093478302870067;1.395234171746113;0.8503051171959698;;8.260106852760849;0.9975104392715612;0.12147215816752628;0.1118099443134073;1.4576658980103154;1.001425851354984;0.9720585432026856;;8.609661382652359;0.9985201665125107;0.41659651851433416;0.15562224361893362;1.1109240493715578;1.000569925251112
5;6.0;1.0;5.220574311683132;12.806434221202892;5.215791290387834;1.5719810411555233;0.037546849519676906;1.0216624969096124;1.1120976169590548;0.27242267033593925;3.267558067676646e-06;2.4518040330234534;1.0009941717583668;0.07783504866766655;0.07630877727213226;0.700515438008999;1.0008774082338452;0.3192206635586656;;2.4473584206164363;0.9994567020106224;0.07093792523515306;0.08099898376746695;0.6739102897339541;1.001849586500242
6;7.0;1.0;3.081322267647856;12.99201968979071;3.0785120625044895;14.692551546846277;0.17219742352621203;1.0040700726329808;1.3963521924925941;0.6329780549104853;;6.148929676273286;0.9975375754694453;0.0904254366476531;0.11183737525028437;1.085105239771837;1.0014042362189883;0.7230028308648935;;6.403739359089056;0.9985273949793392;0.30985835608388024;0.15610758217156406;0.826288949557014;1.0005649512507895
7;8.0;1.0;1.1843823352288685;13.845335136786533;1.1833013901564975;5.854790558885713;0.07968977628472729;1.0163090207045917;1.2917857677893632;0.3299936904314277;;3.347078860090195;0.9966425414521761;0.04714195571037573;0.10776345871787218;0.6128454242348845;1.0021027910392228;0.38608851546388673;;3.4747966391749805;0.9983494166709075;0.11031100441978647;0.13664629728938427;2.8680861149144485;1.0007024734151277
8;9.0;1.0;1.9389143718887394;6.44648848577135;1.937144288054564;6.502171911017342;0.0933971209037967;1.0241021186136614;1.35674829895473;0.34562021692312894;;3.4068278525279854;0.9971742749975996;0.049374316750862325;0.11030660584244223;0.6418661177612103;1.0016930333956426;0.3993194019412808;;3.536828988622773;0.9984487366069766;0.17113688654806689;0.14734595874681533;0.5134106596442006;1.0006232437030624
9;10.0;1.0;3.798291509416177;14.590987476282132;3.7948263921405725;17.476453392892324;0.2185121751370005;1.0115670267958579;1.3911422523534915;0.7944719414304827;;7.717727431038975;0.9974966422387718;0.11349599174253554;0.11178160063286668;1.3619519009104264;1.0014368568847005;0.9086692682759936;;8.048213519015944;0.9985168398946279;0.38942968640545983;0.15538985254406623;1.038479163747893;1.0005722185141235
10;11.0;2.0;8.871980004980648;10.848937589988314;8.863886070770068;16.04210305589351;0.2014965047011934;1.0120860264540879;1.3859347816718552;0.7320024583396251;;7.110881023870644;0.9974932877879433;0.1045717797499148;0.11177354259930405;1.2548613569989775;1.0014395349703338;0.8373221628135534;;7.4162820134914735;0.9985160587348;0.35885235549122085;0.1553344742052034;0.9569396146432556;1.0005727573973793
11;12.0;2.0;0.31036467187401356;25.546306770839937;0.3100815382567751;13.72404450982208;0.1707149749409922;1.0109767221813515;1.3954357423378556;0.621260618879563;;6.03510315483004;0.9975003417486787;0.08875151680189783;0.11178998130806206;1.0650182016227738;1.0014339043911582;0.7104666197163916;;6.292704346059468;0.9985177132437101;0.30448569416655025;0.1554514044600177;0.8119618511108007;1.0005716161982758
12;13.0;2.0;8.958754612933753;17.909617073709715;8.950578595337143;5.576441332497846;0.07530535244114489;1.014771104299096;1.2731512106034715;0.3218593383033863;;3.3105531939776878;0.9962862612141762;0.04597990606237494;0.10667384273543101;0.6437186848732491;1.0023694237608738;0.3802207118196651;;3.421986406376986;0.998303586317129;0.10863448909354935;0.13332655009297723;0.5431724454677468;1.0007388814802276
13;14.0;2.0;5.942023970520623;23.410973230406753;5.93657737433442;1.3690676220231335;0.034455451662194214;1.02037571373552;1.100992392086404;0.2703242935325502;0.00020972763670545902;2.3556831293550804;1.0013946446258313;0.077235512437406;0.07064478984940425;0.7337373681553571;1.0005789202784234;0.28423344585033916;;2.344925928265298;1.0004521074472867;0.07105836146254836;0.07432171785586816;0.6750544338942094;1.0012978989156116
14;15.0;2.0;3.8670952565638426;15.360031807406333;3.8635677185488353;6.695004623599969;0.08196352712641808;1.0074869427801705;1.302727532110514;0.34468974919326084;;3.4468974919326087;0.9970577785404093;0.04924139300520252;0.10902555623065369;0.6401381090676328;1.0017826974024657;0.39753345456505756;;3.5778010910855182;0.9984043693970491;0.11358098701877647;0.13993934817820897;0.5111144415844942;1.0006610879435591
15;16.0;2.0;6.160565501211492;15.55440091830463;6.154938796989592;4.838068318766704;0.07535260340940031;1.0248245622984762;1.271336742871334;0.33667974450691057;;3.1984575728156504;0.9945329843149296;0.0420849677943275;0.10421265334708263;0.6312745169149125;1.0036112838829025;0.3671529288792603;;3.356826778324666;0.9982340112746283;0.15735125523291116;0.13109126935537474;0.5245041841097038;1.000791123315861
16;17.0;2.0;4.513102918406591;25.49127754019552;4.508985148841296;4.116056231076764;0.05289279502706634;1.0075485780068423;1.1786340043959798;0.3226218207376631;;3.0649072970077995;0.9944522757219737;0.04032772759171486;0.09920326353580111;0.6452436414674377;1.004065818347456;0.3383545863975141;;3.238536755519063;0.997821621078285;0.09667273897185431;0.11697995504770975;0.5800364338311259;1.0011257203472859
17;18.0;2.0;4.406339075948405;20.575929256938032;4.402318131569301;12.724895697474004;0.16843081256877035;1.0176730855872942;1.3942625433177986;0.6058185988535141;;5.88509496029128;0.9974499125182392;0.08654551408217302;0.11163705273301172;1.0385461689860762;1.0014742047078076;0.6941456269071854;;6.148146981177928;0.9985067345049503;0.2974909829640021;0.15465033732799438;0.7933092879040056;1.0005792008259533
18;19.0;2.0;2.627371216422099;15.791336778167691;2.6249694812951456;1.3226914389631519;0.023598858360214692;1.0093311791276476;1.0677456823055005;0.2703282329102012;0.0002753045651473496;2.317099139230296;1.0014385574202178;0.07723663797399079;0.06754701318401102;0.7337480607529124;1.000535919590885;0.2906258240486727;;2.3250065923893817;1.000856303019795;0.072656456012307;0.06967259616847277;0.6902363321169165;1.00101873338491
19;20.0;2.0;8.792538145665528;6.751112830357732;8.784515595612781;7.703673156572242;0.09953184757186584;1.0150673053183656;1.3919127604778;0.36093464546007026;;3.5062222701835397;0.9974625026555525;0.051562092508200805;0.11163534628078975;0.6187451100984096;1.0014641234677688;0.4132691568995982;;3.6603839611107265;0.9985086359234815;0.17711535295915243;0.15447782383969955;0.4723076078910731;1.00057811879571
20;21.0;3.0;5.416196606697532;48.20351845735304;5.406305292448156;17.459429997675397;5.705098701904326;1.1995937559559495;1.2283158181105196;15.293650199816913;;87.0561626758809;1.0005856380852725;8.23504283901342;0.006675515418691713;57.64529987309395;1.0018651632887277;16.535641869287083;1.637775754392834e-05;90.94603028107895;1.0014590576750337;9.645791090416244;0.00411466738391586;62.00865700981871;1.0012872225767513
21;22.0;3.0;9.924941246849595;19.816522448636974;9.909256169540434;9.454480972300756;4.175588641480502;1.1481582592048978;1.2128426988459085;10.020719765078454;;65.59016573505897;0.999777622676301;5.465871071944482;0.0001411544573928225;51.92577518347258;1.0009716196471106;11.20273901356851;;65.49293577163128;0.996551584784345;6.893993239117807;;53.42844760316301;0.9996357579030763
22;23.0;3.0;8.851783481827363;35.764902855115515;8.791390907433032;23.37357864203625;10.031790063024907;1.1866746920778912;1.214755224619675;26.662863163044488;;150.45472784860817;0.9960705295321126;13.3314047203966;;116.17366970631323;0.9999802090766375;27.381564116306222;;157.970562209459;0.9973297168453916;16.85019330233904;;126.3764497675428;1.0000039239071723
23;24.0;3.0;5.895052257028784;41.44257945922698;5.876792602133549;18.5436270057548;6.805469606569044;1.1992399038957307;1.2210518209289332;18.821827491914682;;102.17563495610828;0.9980723394788377;9.410916265716379;0.0018548280093635405;72.59849690695492;1.0007313529284618;18.681777003710096;;108.97703252164222;1.0003186394166121;10.897703252166114;0.0009356628667560596;79.39755226578168;1.001129679426167
24;25.0;3.0;6.184628568457285;23.741924313575204;6.166396823019185;21.256023016214474;9.904278938961518;1.1708426538902055;1.212976314199492;;;;;13.49135464193129;;121.42219177738161;0.9975709615195009;25.6978484563886;;154.1870907383316;0.9948741106307735;15.814060588548344;;128.48924228195528;0.9987813154223983
25;26.0;3.0;8.022269766658981;16.011727469285628;8.01198474000239;11.741002947644372;2.9362684950068125;1.194473322763663;1.2463250610887198;8.2007967175846;0.0019812668251402155;45.477145433878235;1.00272808011402;3.7276349209999973;0.026134761326727984;26.09344444699998;1.0007270548031921;8.584276184990392;0.0013737952784249607;46.82332464540214;1.0022898195684573;4.682332464541321;0.018485505780395206;26.533217299067484;1.0008407433786892
26;27.0;3.0;8.134149448506388;31.227010020324304;8.1251416207771;17.97477380765752;4.296219021030893;1.1390135150511405;1.249003764816931;11.591849034704357;0.005619426230850877;68.26311098214788;1.0020655997917127;5.1519340315487865;0.02717932630023223;39.927488744503094;1.0001492578467077;12.71577491505344;0.0016080175801824748;69.35877226392786;1.0023177140009825;6.935877226394558;0.021621169425438014;38.14732474517007;1.000747757920121
27;28.0;3.0;8.789477620359897;31.67473397172155;8.735804570401479;12.902625085687518;6.398865108856899;1.1737822276819607;1.211366771432127;16.368190655334413;;94.7016745058634;0.9930359351707041;8.183841032430005;;79.50017002932005;0.9982877150814118;17.16167488814977;;98.0667136465701;0.9925390199853416;9.806671364660227;;84.58254052019446;0.9974908079688949
28;29.0;3.0;8.02091440543198;31.10190623129852;8.00712535896802;17.57036660152993;7.0394114274911885;1.1653492449062128;1.217751192522045;17.72007063288417;;109.27376890278572;0.99955725069625;8.860035056544298;0.0005098377279850741;82.69366052774677;1.0013151305988588;19.987425067456737;;112.23707922494937;0.9988903967458599;10.762459651707616;2.8652965783360074e-05;86.09967721366093;1.0006659724285232
29;30.0;3.0;4.173941748445899;37.95093813538496;4.168399417059614;12.215160773317368;3.833152339958076;1.1581713714942576;1.2307678641048658;10.61439341903202;0.0010542294449429335;59.82658108908956;1.0024106336253318;4.824724411041319;0.01029130829710767;39.56274017053882;1.0011758517845673;11.301436663075705;0.00011377493921993498;61.21611525832674;1.0017066899149436;5.650718331538563;0.00571615044140672;40.496814709359704;1.0012631127635443
30;31.0;4.0;9.79746166372749;50.83360841084394;9.759992384090893;22.314874885017815;13.473048418322314;1.2048205024818779;1.2117248421142042;33.43114790041491;;209.70447319351172;0.9974094213729257;21.27441975537181;;182.35216933175838;0.9986719400392288;35.08189518756924;;210.4913711254154;0.9965356254210259;20.464438859613285;;184.17994973651957;0.9982782905642814
31;32.0;4.0;6.366836131625096;32.8914128227336;6.356837547906908;12.979180605661615;5.199544947579014;1.1819017937308458;1.2158442083194096;14.243437792570194;;81.07803051155341;0.9991077330897006;7.669477293139965;0.00021945916367038798;62.451457958425436;1.0010225031763704;14.764086009887603;;82.90602144013808;0.9988920931586066;7.949892466866129;2.890072617134365e-05;63.59913973492903;1.0006666212407476
32;33.0;4.0;6.845153754874931;31.117452635827956;6.824834506746594;14.484615662779627;9.295474007098258;1.1823888317387303;1.214061640952762;21.977666658369262;;141.85584843129251;0.9969361378194368;13.985751450968051;;125.87176305871246;0.9984197479920173;22.584663103440924;;143.72058338553313;0.9970143974705725;14.372058338702432;;127.29537385707869;0.9984182082760984
33;34.0;4.0;0.6569778905899755;54.99937506334581;0.6513117696471533;26.49044204271545;18.095489303588217;1.217461111334022;1.2147140234444191;44.1253093118803;;272.77463938253277;0.9976017038469536;28.079698391920378;;240.68312907360325;0.998666518811071;44.2376000996255;;277.4904006249236;0.9973001137895229;28.151200060996878;;249.33920054025805;0.9984956719114709
34;35.0;4.0;2.487330177148116;38.54874508948728;2.4744889861881108;19.262346088347556;12.74165347829296;1.2096746617246785;1.2157246779397775;31.466196437703;;194.5183052512549;0.9975694374093331;20.024061985237694;;171.63481701632307;0.9986681955391061;31.090028530271844;;197.84563610172992;0.9971702194215937;19.784563609970196;;175.23470625973601;0.99846120049537
35;36.0;4.0;9.102349901122297;36.52436858838374;9.057102861137068;15.695538749328962;9.769396365682725;1.1975857487164852;1.2138245699145824;23.496304558940782;;149.52193810235045;0.9971786506869261;14.952177899687182;;130.2975502687026;0.9985587109378414;23.566858387301018;;152.1133586816702;0.9968100284437453;14.99709170102535;;134.97382530922815;0.9983597388287982
36;37.0;4.0;2.187467613950747;30.31038643977504;2.170519084759584;24.78940887785436;11.902789355702293;1.1948687251444081;1.2128425067149482;31.650749320731453;;180.1658038257021;0.9964460317153075;17.042714409032634;;146.08040922027973;0.9988545598157419;30.287803437829496;;184.05665166065614;0.9938021286439793;18.638648269437073;;156.0986792565355;0.998201218059699
37;38.0;4.0;4.689195489846377;20.527136586346742;4.6793140501959;21.077389837750143;11.432681484626311;1.1916045174602012;1.2112905344061848;27.88107854354807;;176.5801641091378;0.9952815570575261;16.263911397347922;;151.02203440394499;0.9980563876723257;29.202967063449428;;175.21780238069655;0.9933307347595929;17.971056653295243;;152.75398155300957;0.9971769034353823
38;39.0;4.0;7.946410657870323;45.02847058587529;7.933002775536994;19.02604528864623;9.228939545688267;1.1601411140036397;1.2125793959602031;22.169256802572068;;142.25273114983744;0.9964645079671971;12.932085191716867;;118.23620746712564;0.999594498610206;25.121181736157585;;141.7552397968892;0.9934167561910371;14.354960992110088;;122.01716843293575;0.997987321098449
39;40.0;4.0;9.202138921142248;29.594446179750946;9.153390219490017;13.727729475805695;8.428996943157369;1.1822600813432558;1.2121513372419361;19.52441865128387;;127.7961948084035;0.9966804379666137;12.424571071997219;;111.82113964797497;0.9983900821822501;20.246847528118252;;132.52482018404675;0.9966979915827254;12.884357517945631;;115.95921766151068;0.998326854156851
40;41.0;5.0;8.272096513923866;40.18624327269057;8.248087967186505;8.615378321787732;6.889617990095031;1.195061696645997;1.2256851968371154;15.904208758255898;;99.76276402905972;0.9974288759277458;10.121100404038902;;89.64403215005885;0.9984861327542147;16.487193581254626;;101.92083304775586;0.9976510356665971;10.491850460803311;;91.42898258700028;0.9985766223891618
41;42.0;5.0;4.325039695508973;40.28054204413745;4.317435873274872;20.82496173127237;10.298227308756939;1.200549302730982;1.2112336894979503;;;;;14.61021278525516;;131.49191506729645;0.9962047889002752;27.673183249589695;;158.1324757119411;0.9926557678564248;15.813247571195362;;136.38926030156;0.9975575554703644
42;43.0;5.0;2.016120356212346;65.1129020473095;1.960951815059412;29.548094793035762;25.97255961767298;1.2480702436622555;1.2342934996800932;59.115292519817174;;339.91293198894874;0.9973824955743715;39.41031245756431;;305.4299215461234;0.9984727442792231;60.17654067662595;;366.5298386667217;0.9977422570914968;38.29416226481874;;333.706271164849;0.9985885749393308
43;44.0;5.0;5.126700659087917;40.24388665796742;5.024904851629833;13.42739920981621;11.817498122631706;1.2429704635919323;1.2321280367630296;25.426430680206433;;157.18157147763978;0.9975294029041326;18.492030803371396;;143.3132387261283;0.9985260247749549;27.366177016658554;;166.684896374193;0.9977431080970608;17.414839919391937;;151.75789072612972;0.9985886193949031
44;45.0;5.0;2.3037070806357463;41.38715500678372;2.2706850720528933;22.65377293627871;17.682076871613287;1.2287803657428815;1.2236746984950557;40.57314388632952;;250.815798570037;0.9975454237910916;25.819291147658145;;224.99668000102096;0.9985758427315228;42.57485583852632;;263.19001791089;0.9976170419272621;27.093090083918415;;236.0969278741462;0.9985702795879204
45;46.0;5.0;2.0113448843715975;40.51043860594329;1.9844433834444761;15.198562903425895;14.721098767865836;1.2414678997583433;1.243893727632657;31.129770741995447;;189.6086036103359;0.9976829121179379;22.64050517029831;;172.63385192352462;0.9985658584059413;32.59447238947452;;198.52996819043568;0.9977857969084688;20.741936975195053;;180.7511650695569;0.9985849296125144
46;47.0;5.0;0.5528835373755004;61.310760615115626;0.549514953810323;23.414317094000918;20.475759561421913;1.2143431098048179;1.233774301298361;45.860967758982014;;283.50416432825244;0.9976286776974378;29.182035291363853;;258.4694554377941;0.9985284787783847;47.53923872152979;;289.5571813038633;0.9977387157666139;30.252242815550193;;263.62668739265166;0.9985883667766764
47;48.0;5.0;5.630624461174002;48.57360725586362;5.574502718188219;16.562373356100895;11.140493968542131;1.2109820180161814;1.214054630202936;26.3079947444124;;167.4145120098971;0.9972875380643719;16.741287251941735;;145.88836033834943;0.9985455002926518;27.218638672105634;;173.2095188224904;0.9972416465256843;17.32095188258562;;153.41414524575836;0.9984803344538746
48;49.0;5.0;1.4266743098574508;53.66890035488602;1.4049618078662627;23.894170720889246;21.891778770486074;1.2269245878404247;1.2388545577403218;46.65965557971521;;288.4415072200577;0.9975395854966204;33.93400893012085;;262.98856920843656;0.9985019053791665;49.81735708518357;;303.43299315520903;0.9977660180175592;31.701954502488125;;276.25988923596793;0.9985886991977997
49;50.0;5.0;6.092262703370972;55.75867763309672;5.8049811150031445;24.208980578704438;25.5901118929735;1.286582996605752;1.2528789012439574;36.645608025687174;;260.59099040488655;0.998272739734778;36.6409321710496;;260.5577398830194;0.9982349095535732;;;;;39.20554811346198;;298.9423043651476;0.9985711459589435
50;51.0;6.0;4.189733583500487;82.16961209725947;4.1168946455402;26.84576705025983;29.103550085466082;1.2618940070228402;1.2594835743710355;40.888134298628025;;316.8830408143672;0.9984732308248214;40.88811783935673;;316.88291325501467;0.9984730634814968;;;;;43.890837511048474;;334.6676360217446;0.9985655515319387
51;52.0;6.0;3.0498131157384907;44.23030441606461;3.0372359416398917;15.990348770776867;14.262354647999809;1.2154878315961415;1.2353334862205285;32.20052986601946;;196.1305000930276;0.9977173798717588;20.49161174032874;;178.56975945143614;0.9985937714931882;32.84407411044666;;200.05026958181148;0.9977516007173068;20.900774433842912;;182.13532006634537;0.9985889285546925
52;53.0;6.0;3.1995180298464727;63.493810899391036;2.947610817798511;22.613655011805836;30.612804225499435;1.3407971771739275;1.2951497452574332;40.4519746753003;;227.15339625360937;0.9971476299826451;40.452004304873;;227.15356263505606;0.9971477670616501;;;;;44.313904408258296;;305.2735637013349;0.9984893509569
53;54.0;6.0;7.116897657427116;75.45471288740329;6.785737638773179;25.50218243284688;32.4096265758671;1.295105071479611;1.282372503991546;43.435581302239356;;286.6748365947797;0.9979505822670787;43.43566429705931;;286.67538436059147;0.9979511182741647;;;;;43.76163668830173;;339.1526843343384;0.9985156633971677
54;55.0;6.0;6.8272132114383455;85.47239156297022;6.504286611097702;27.286160894419034;38.31836958559675;1.3171721019186098;1.3015908988328249;52.61504223486283;;315.69025340917693;0.9979659581702276;52.63278863340057;;315.79673180040345;0.9980179176818257;;;;;53.8943260377509;;371.27202381561733;0.9984725157123046
55;56.0;6.0;1.6110447516876119;64.38193393984066;1.5368061626622411;27.622916884229923;33.29622487465592;1.2901706360571095;1.271251488778081;48.156355784305454;;308.2006770195549;0.9981744792888072;48.15636983076694;;308.20076691690844;0.9981745329047831;;;;;46.73351791502918;;362.1847638414762;0.9985349531712855
56;57.0;6.0;9.84400010794044;80.24067014169547;9.413795560358153;28.244544125422486;36.14142360492104;1.2938389198232505;1.2843294992074308;49.335475464413776;;320.68059051868954;0.9980947343004175;49.33618943525551;;320.68523132916084;0.9980872933428551;;;;;48.55085822189446;;376.26915121968204;0.9985129801351438
57;58.0;6.0;9.737105849196588;62.112703236582284;9.62225113059367;25.41200206070003;24.80297478301848;1.2390870439769668;1.2425107464765397;51.81638255658021;;320.319455804314;0.9976125163202205;37.67818651641712;;292.0059455022327;0.9984585925111837;54.69519094468167;;333.1434357539702;0.9977875534937641;39.77832065351965;;303.30969498308735;0.9985840882294421
58;59.0;6.0;3.465276815516561;51.910274949431084;3.413053308020203;25.080628920646205;24.283537511753615;1.2433679164170144;1.2425881974683342;50.67812261747875;;313.28293981714137;0.9976082947101996;36.856690236755504;;285.6393493348552;0.9985231482635333;53.77763766491343;;327.5547021408363;0.9977857046819769;34.22213304793957;;298.22144513204483;0.998584969195867
59;60.0;6.0;8.569615646821314;72.20382666101133;8.247282455011359;26.571452365582697;30.86284703709192;1.2791847172698467;1.2688482323522199;42.250128186649384;;300.4453559939512;0.9981930407715076;42.258912445943885;;300.5078218378232;0.9982561700949075;;;;;44.462456530928556;;339.02623104833026;0.998546914763366
60;61.0;7.0;1.7922988209438513;53.409411789760796;1.6963602602256374;20.141844754108064;27.27558408597126;1.328935286361783;1.2903809853694757;38.40866033279615;;226.96026560288635;0.9980641479420463;38.41627807644165;;227.00527954260974;0.9981180380161532;;;;;39.47300481846903;;271.92514430500887;0.9984892053685605
61;62.0;7.0;7.0754356726850345;92.65429695213388;6.352174596255911;27.844048600808282;47.976625040492095;1.4169242947844658;1.3407212529519292;62.35305516194031;0.0007110276175896768;274.35344271253734;1.002644199694888;62.35303385785044;0.0007110133580745526;274.353348974542;1.0026443338034359;;;;;63.50465839015434;;400.0793478579723;0.9983604827586066
62;63.0;7.0;3.034060180280399;71.93461881055212;2.920632519156638;25.706496949915675;36.92485692050379;1.3064517406345724;1.304233408670652;52.469952985729094;;310.0497221883992;0.9980872470177156;52.46993764539467;;310.0496315409685;0.9980872808401704;;;;;51.009988141442506;;351.4021405299373;0.9984616053126942
63;64.0;7.0;1.0958250666374771;88.14992311351648;1.0769031604082908;26.25069762834299;30.402378367916214;1.2800585912368154;1.268784526852945;41.33733018102784;;320.3643089029657;0.998613081491585;41.2732232313624;;319.8674800430586;0.9980174763691209;;;;;43.88631563535637;;334.6331567195923;0.998547790500134
64;65.0;7.0;9.130534571258869;61.48768225210357;8.798367677571843;20.172403496674505;24.50783831370348;1.2869052623412338;1.2761476607902278;33.4361443960658;;234.0530107724606;0.9983147720655554;33.44537178979942;;234.11760252859594;0.9984068734390728;;;;;34.204304415173965;;265.08335921759823;0.9985322434143926
65;66.0;7.0;7.369026553625746;69.82293246536966;6.82859573574063;28.02588560947685;39.875487073516624;1.351336436312432;1.304178032921178;54.94062885243282;;295.83415535925366;0.9975770262707252;54.94087428491564;;295.8354769187765;0.9975777753602247;;;;;55.50517912145614;;382.3690117255867;0.9984662465316889
66;67.0;7.0;8.35822203167005;69.69408638525941;7.8952248141861086;25.252892930591386;35.584855900676544;1.3142441586671327;1.2987837497728159;50.142351885837414;;284.13999401974536;0.997724266505056;50.14402100658073;;284.14945237062415;0.9977313979629814;;;;;49.91392673521331;;343.85149528702505;0.9984708855767921
67;68.0;7.0;3.2515641188323556;76.45561371485489;2.8893887847874065;21.03484575029429;35.23449552799505;1.4089542792163312;1.3335142563311917;47.47930688382557;0.001871000360164965;202.57837603765577;1.0026791147359884;47.47618777109951;0.0018692818914436415;202.5650678233579;1.0026562236906917;;;;;47.73016701735106;;300.70005220931165;0.998377535051088
68;69.0;7.0;7.363701485729999;73.18511994851785;6.6794068655662775;25.073100049631286;41.70123982986761;1.3867862437123133;1.3344829043939506;53.829262642447276;;254.79184317425046;1.0017305689207927;53.79651234011336;;254.63682507653655;1.001862134451811;;;;;56.82045513090837;;357.96886732472274;0.998381759466874
69;70.0;7.0;8.223807245557536;93.48714827001261;7.53358484226587;30.445972169086183;47.00222689314409;1.384451046421472;1.3184254613215145;61.90728128495133;;313.95835508796745;0.9978156862987898;61.907063373799026;;313.95724996712363;0.9978151472066447;;;;;61.260110162994245;;428.8207711409597;0.9984241803789782
70;71.0;8.0;6.664834004071693;90.26211813067121;6.400981473121275;27.21517479593492;41.35878183115819;1.330712306884479;1.3164033613132338;54.942004592037705;;329.65202755222623;0.9975255570370085;55.05981933701291;;330.3589160220775;0.9981038880696329;;;;;54.598644370060576;;376.1239945493062;0.9984326700423919
71;72.0;8.0;2.792263721231884;83.62134450259339;2.7243279531513878;25.593330133792225;36.47347872930335;1.3003957379086541;1.3022358372601182;50.27993650514468;;321.791593632926;0.9982322584457024;50.279912919304124;;321.7914426835464;0.9982320700628888;;;;;50.70428373286963;;349.2961768264352;0.9984654605901752
72;73.0;8.0;0.12145578143690267;90.81902366761562;0.1075527597819014;25.340318664741442;46.751821673287225;1.4446075103070282;1.3555512769857143;60.92995005153426;0.007618282040728674;243.71980020613705;1.0025294889468412;60.93082562041576;0.00761825096204416;243.72330248166304;1.0025411396445458;;;;;64.38598805260679;;368.7561133922025;0.9983177030199913
73;74.0;8.0;4.682265989949706;91.53748692957959;4.470113212603055;24.647610894368803;35.67527955261172;1.3165160783343712;1.3032221554015642;47.899436090396236;;287.3966165423774;0.9978994960962554;47.90011754652726;;287.40070527916356;0.9979044446265449;;;;;48.983746322567;;337.4435857776838;0.9984578261995408
74;75.0;8.0;8.697659742620012;74.60722977234465;8.089858747631897;17.17557007406832;27.9186057912349;1.3677310381239163;1.326803384230527;36.58855744890444;;185.55625563372965;0.9974451475064761;36.588315084097935;;185.55502649792524;0.9974442163101552;;;;;38.76238189322264;;244.20300592730263;0.998395185651334
75;76.0;8.0;2.6549640839805315;78.30610629332354;2.5397672297324556;25.150604251060678;33.96949312546999;1.320206864456255;1.2910624000054334;46.04595457335611;;294.6941092694791;0.9981876554826643;46.045939642268095;;294.69401371051583;0.9981875378196461;;;;;49.260242653046724;;339.3483382765441;0.9984903619103116
76;77.0;8.0;6.6926570135924575;96.04213757834364;5.269005282433178;27.060955134885607;59.61342742707805;1.5866622144711389;1.3913132687621805;81.37130180824137;0.08318753372440935;229.31912327777113;0.9999136443949931;81.37112184304256;0.08318698279137493;229.31861610311995;0.9999147623588824;;;;;77.98563535672591;;415.9233885692048;0.998202204612957
77;78.0;8.0;8.811259725945874;102.40146397468901;8.249428289246572;28.573772990479377;45.44515958212423;1.372626787283522;1.3255262313382483;61.27723535852655;;320.52707725998505;0.997715665415062;61.277205611664044;;320.52692166101195;0.9977155371051988;;;;;64.23178988773412;;404.660276292725;0.998407647832944
78;79.0;8.0;1.30267945697426;74.46301858829196;1.266473723491403;22.97131055846322;33.44690131380652;1.3217920834125259;1.3069829187635928;45.08643609485874;;288.55319100709596;0.9982380091997177;45.08629079342342;;288.5522610779099;0.9982369835535202;;;;;45.70616245216422;;314.86467467046464;0.9984548580170913
79;80.0;8.0;0.8074677723379405;78.60247337353259;0.7467051090324355;29.437239558241302;48.60445472060171;1.3910737585123236;1.3308540890753928;63.58820940619016;;317.9410470309508;0.9977640666854473;63.57908598326472;;317.89542991632356;0.9977381406140977;;;;;66.62289371317979;;419.72423039303266;0.9983860557513865
80;81.0;9.0;5.564233246314751;118.42929194192297;4.660846962164938;27.382716064101064;58.592606188949375;1.497644491432688;1.3855393234099433;73.92465384745816;0.0434759889629871;246.41551282486057;0.9982514109890067;74.06739068907984;0.04386838048247321;240.7190197395095;0.9974023668052557;;;;;78.34136784489117;;417.8206285060862;0.9982211120275577
81;82.0;9.0;5.325711699916975;122.30382171159813;4.459764159461448;29.94727857953118;61.8943991828151;1.5189054710670182;1.374746225340639;78.5410701433485;0.04130899213007855;261.803567144495;0.9982524891035326;78.5407035132991;0.04130805650732938;261.80234504433037;0.9982547756719096;;;;;77.90179344689842;;453.24679823649996;0.998243829683872
82;83.0;9.0;5.4710385409929545;74.35940844424843;5.11211038550139;25.28597460511138;44.419618280575065;1.3788850781866528;1.3440866847074646;58.29728122493197;;279.82694987967346;0.9973389193594255;58.224853530839006;;279.47929694802724;0.9971560543319941;;;;;57.874276278596106;;364.6079405551555;0.9983485819495648
83;84.0;9.0;0.19769595033449644;110.8336008531514;0.14697261578224685;21.526303669472036;54.56372263283672;1.7150924246754988;1.4148994767248848;68.04626502885557;0.13391196248108295;181.45670674361486;1.0012850065384977;68.0461865540471;0.1339115380846838;181.45649747745892;1.0012856516515718;;;;;70.09396690499452;;350.4698345249726;0.998115587744604
84;85.0;9.0;4.777667557352225;98.12727747396843;4.5792295682412245;25.799753209617254;40.532733869705766;1.3379295908807207;1.3231950446270742;52.84756031286867;;312.2810382124058;0.9980194832365243;52.87012344533001;;312.4143658133137;0.9981286164761778;;;;;57.86602730137393;;364.55597199865576;0.9984145333946886
85;86.0;9.0;4.0011043624953615;82.91945440310474;3.6180809772019593;25.250339868389524;44.93545501669218;1.4149019856742946;1.3462547241775593;58.37957422133993;0.0007166074830093905;256.8701265738957;1.0026936581017039;58.37272242298051;0.0007123894853966473;256.83997866111423;1.0027245112979903;;;;;57.930829270571664;;364.96422440460145;0.9983405137036463
86;87.0;9.0;0.4492648439806052;89.47505327652523;0.3959230607375903;25.187381923270546;47.920398127590786;1.462262218636711;1.361726809988862;60.62350460604817;0.00860921769624845;242.4940184241927;1.0023941119859645;60.632286328445176;0.008626596534734743;242.5291453137807;1.0023437185674546;;;;;64.38166091126779;;374.5842089382853;0.9982979278556817
87;88.0;9.0;7.181489009063261;85.89575644270482;6.768810045170293;25.770031958197325;45.16718128881219;1.385884838662878;1.3425596337875942;58.162866936170865;;299.76246805564983;0.9977396662629908;58.162690471170336;;299.7615585821856;0.9977391208883853;;;;;58.95760925177303;;371.4329382861701;0.9983499897705226
88;89.0;9.0;0.9062165636516009;80.87337175827837;0.8557975691914221;25.78562839458807;42.07481479314545;1.3644726117907326;1.3304537564152508;58.59741618226726;;302.0020680163005;0.9977969153983561;58.595277013481244;;301.99104306948027;0.9977900668892197;;;;;58.23410125773264;;366.87483792371563;0.9983929665954959
89;90.0;9.0;1.5290906822966701;110.47161348668217;1.160346128868188;25.91178717955937;61.19839377372084;1.6550017256071137;1.4046754232328242;81.03813769011037;0.11195371582172475;218.802971763298;1.0015399798372637;81.03817088179451;0.11195384213268422;218.80306138084518;1.001539772529594;;;;;76.12936035460721;;412.36736858745576;0.9981579911214705
